<?xml version="1.0" encoding="UTF-8"?>
<?xml-stylesheet type="text/xsl" href="peliculas.xsl"?>
<peliculas>

    <pelicula numref="1">
        <titulo>X-Men: Apocalipsis</titulo>
        <nacionalidad>EEUU</nacionalidad>
        <genero>Accion</genero>
        <director>Bryan Singer</director>
        <duracion>147</duracion>
        <precio>10</precio>
    </pelicula>

    <pelicula numref="2">
        <titulo>Capitán América: Civil War</titulo>
        <nacionalidad>EEUU</nacionalidad>
        <genero>Accion</genero>
        <director>Anthony Russo</director>
        <duracion>130</duracion>
        <precio>15</precio>
    </pelicula>

    <pelicula numref="3">
        <titulo>Deadpool</titulo>
        <nacionalidad>EEUU</nacionalidad>
        <genero>Comedia</genero>
        <director>Tim Miller</director>
        <duracion>80</duracion>
        <precio>9</precio>
    </pelicula>

    <pelicula numref="4">
        <titulo>La Patota</titulo>
        <nacionalidad>Argentina</nacionalidad>
        <genero>Drama</genero>
        <director>Santiago Mitre</director>
        <duracion>75</duracion>
        <precio>11</precio>
    </pelicula>

    <pelicula numref="5">
        <titulo>Finding Dory</titulo>
        <nacionalidad>EEUU</nacionalidad>
        <genero>Infantil</genero>
        <director>Andrew Stanton</director>
        <duracion>150</duracion>
        <precio>9</precio>
    </pelicula>

    <pelicula numref="6">
        <titulo>X-Men</titulo>
        <nacionalidad>EEUU</nacionalidad>
        <genero>Ciencia Ficcion</genero>
        <director>Bryan Singer</director>
        <duracion>120</duracion>
        <precio>5</precio>
    </pelicula>

    <pelicula numref="7">
        <titulo>Zootrópolis</titulo>
        <nacionalidad>Italia</nacionalidad>
        <genero>Romantica</genero>
        <director>Jared Bush</director>
        <duracion>50</duracion>
        <precio>6</precio>
    </pelicula>

    <pelicula numref="8">
        <titulo>Escuadrón Suicida</titulo>
        <nacionalidad>EEUU</nacionalidad>
        <genero>Accion</genero>
        <director>David Ayer</director>
        <duracion>75</duracion>
        <precio>12</precio>
    </pelicula>

    <pelicula numref="9">
        <titulo>Regreso al Futuro</titulo>
        <nacionalidad>EEUU</nacionalidad>
        <genero>Ciencia Ficción</genero>
        <director>Robert Zemeckis</director>
        <duracion>220</duracion>
        <precio>15</precio>
    </pelicula>

    <pelicula numref="10">
        <titulo>Independence Day: Contraataque</titulo>
        <nacionalidad>España</nacionalidad>
        <genero>Comedia</genero>
        <director>Roland Emmerich</director>
        <duracion>316</duracion>
        <precio>5</precio>
    </pelicula>

    <pelicula numref="11">
        <titulo>Angry Birds: La Película</titulo>
        <nacionalidad>España</nacionalidad>
        <genero>Comedia</genero>
        <director>Fergal Reilly</director>
        <duracion>104</duracion>
        <precio>9</precio>
    </pelicula>

    <pelicula numref="12">
        <titulo>Divergente</titulo>
        <nacionalidad>EEUU</nacionalidad>
        <genero>Ciencia Ficción</genero>
        <director>Neil Burger</director>
        <duracion>50</duracion>
        <precio>7</precio>
    </pelicula>

</peliculas>